t,p_x,p_y,p_z,v_x,v_y,v_z,q_w,q_x,q_y,q_z,w_x,w_y,w_z,u_1,u_2,u_3,u_4
0,-5.996476565092414,-2.0003215225337483,-2.2004579356211527,-0.030084843000726263,0.8793568250756796,-0.12809853315765796,0.7642789300985104,-0.05431852318925718,-0.09188597984883054,0.7025402616517404,0.008040923848657672,-0.0027312221014613065,-0.04989612328492443,2.513744834317387,2.514312642058718,2.3071604375744146,2.306723214830829
2.4785809968205106,-6.0009259296016655,-1.824150550978068,-2.2336847453140836,0.3944126469472458,0.8435232188908253,-0.21492225386832225,0.7670356696972688,-0.05300067656528908,-0.09170569855009526,0.6981651985609143,0.0047445450054762065,-0.00323621174569146,-0.10576132002840492,2.5136496791224507,2.513717436332144,2.3056832341478004,2.305717508038938
4.957161993641021,-5.920475777819923,-1.6551462937164285,-2.284276292319291,0.7545446232310651,0.814511535882675,-0.28550568190887793,0.7737362644592239,-0.05140119557098631,-0.09210436185683499,0.6895557986967753,0.004567165401517395,-0.003668429745685359,-0.16186838021505226,2.5136315688399495,2.5135151906628614,2.3044544221370233,2.3046467601294327
7.435742990461532,-5.767999187540352,-1.4919443546579525,-2.3489845068425717,1.061386807729672,0.7913808429470228,-0.3427382604568197,0.7842490733950943,-0.049268761962653417,-0.09283154433334798,0.6765876777635326,0.005452562167558163,-0.0040633324626000574,-0.21825593901867318,2.51376962740445,2.513589885677974,2.3033577145004744,2.303571696036398
9.914323987282042,-5.554154085186984,-1.3333685235293062,-2.42513920108937,1.3229622398925827,0.7734582685761489,-0.38918029007198046,0.7983610849906208,-0.04650721903254552,-0.09378292323748716,0.6590548060974328,0.006555846246679912,-0.004412673363574267,-0.2749651274266166,2.514117530750188,2.5138613564380354,2.302306090071295,2.3025323504451265
12.392904984102554,-5.28799378134792,-1.178377163467876,-2.5105822373377142,1.5456287773752728,0.7602554253586807,-0.42697024153186386,0.8157779125041128,-0.04308206651348926,-0.09490348055430034,0.6366859033995346,0.007882374197158893,-0.004675838795985106,-0.33203981049259657,2.5146733521613616,2.5143163838234632,2.301278485738071,2.3015104708568477
14.871485980923065,-4.977300005226618,-1.0260263128956142,-2.6035831572604464,1.73471316292701,0.7514141757118985,-0.45784494539792736,0.8361191311434649,-0.038957527567093204,-0.09612556970004021,0.6091591603725023,0.009487511648145508,-0.004792677103826597,-0.38952707169676526,2.5154350026942063,2.5149507741183452,2.3002616119770654,2.3004839623910285
17.350066977743577,-4.628789124687166,-0.875443633627034,-2.7027588473255153,1.8946928176379383,0.746691684552897,-0.48321684885966487,0.8589079538412525,-0.03409471183370114,-0.09736361454591992,0.5761122732285753,0.011412358543580872,-0.004679886757859696,-0.4474778644478677,2.5164067604049283,2.515758946575783,2.2992452051398433,2.299427858285267
19.82864797456409,-4.248282006407473,-0.7258053477302714,-2.807008652990387,2.0293222642484294,0.7459530488460031,-0.504236592057065,0.8835595013988173,-0.02845501494618609,-0.09851257861920897,0.5371549205215186,0.013694677757605031,-0.004188075242650342,-0.50594764594428,2.517608318816697,2.516717015467465,2.298240513361139,2.298291318240396
22.3072289713846,-3.840848589814913,-0.5763146474824585,-2.915462004587173,2.141738500500811,0.749166926385929,-0.5218381792197634,0.9093685443974867,-0.0220048756725594,-0.09944178946285562,0.49188465072690174,0.016335112525646185,-0.0028397685444034896,-0.5649965546831041,2.5190352414092163,2.5178030497713686,2.2972766846961257,2.2969941523489266
24.78580996820511,-3.4109313844583236,-0.42618097821820294,-3.0274350725329646,2.234535203431472,0.7563925935533603,-0.5367689520204938,0.9354983214722808,-0.01473573537905933,-0.0999657352796526,0.4399055495625993,0.01910297367739065,0.00024152612499958047,-0.6246879380375154,2.5200270146373045,2.5195712619442245,2.295690924414504,2.296121060895491
27.264390965025623,-2.9624541245502303,-0.27460190803436607,-3.1423934105955906,2.309749150394909,0.7676730457500025,-0.5496079572294704,0.9609634331196059,-0.006700759672407961,-0.09980989135084985,0.38084788086482146,0.022014770433250896,-0.0020617864880103317,-0.6850811890522231,2.5178874178964294,2.524284837883125,2.2894321410025014,2.29956034576598
29.742971961846134,-2.498933138549538,-0.12076637639275124,-3.2599182640578483,2.3687368971550273,0.7828109669536171,-0.5607053854846205,0.9844516217726608,0.002315717213266841,-0.09934145160167675,0.31437941789545976,0.03386951273421241,-0.05883223230493893,-0.7461990830540849,2.5157557217426016,2.5237577992893545,2.2810120562498875,2.303130268033569
32.22155295866664,-2.023613388610195,0.036097248124022166,-3.379660755336784,2.414180599396741,0.8033716328072096,-0.5680188570442979,0.9991164781524637,0.014776227836582253,-0.10301182783503762,0.2391783195338829,0.07101089778761842,-0.16186076028384053,-0.8076118533720511,2.4705757790851623,2.463363829939899,2.2719171759931927,2.268746168407193
34.70013395548715,-1.539203375224491,0.19707367071629528,-3.5008633183861257,2.4634338466803576,0.8438414575500414,-0.5188400194579255,0.9997302148079379,0.033620866944648144,-0.11432502969861276,0.1550636191996918,0.058013263914055424,-0.13955618668898664,-0.8606583493794001,2.331091725915458,2.318912363922998,2.2384424724643446,2.212755929939896
37.178714952307665,-1.044940971717545,0.3661448111737665,-3.612226704775939,2.5441092419319986,0.922495073656637,-0.3377027834052279,0.9998054136296466,0.051277415751874195,-0.12290471076336733,0.06460353322429808,-0.009947110476800499,-0.026375210848189147,-0.8874850228068648,2.1878664779346257,2.1708839097946853,2.228437979829287,2.196486761356181
39.65729594912818,-0.5345417958758305,0.5509472544590176,-3.6873593001653853,2.6474438936300833,1.0158351555415996,-0.07617111595279437,0.9998130775910423,0.06168494119091651,-0.12013080291158108,-0.029534756127339155,-0.06332388923342643,0.13455713685008036,-0.8785757316971315,2.0722956475432013,2.0699143455093982,2.2248048387533226,2.205962623638974
42.13587694594869,-0.0034743505688691837,0.7544179258387039,-3.710182989137106,2.7375736622281623,1.0895108108788165,0.2008416758676102,0.9997705146363337,0.06691168240253546,-0.10087160031882243,-0.12193873652145473,-0.09322711045366941,0.21471780596920384,-0.8396683058645195,2.014639670378882,2.0396232873894102,2.210121483896501,2.2280238875424034
44.6144579427692,0.5456198014717748,0.9726236126068387,-3.677602677658934,2.7615984743227835,1.137423491503287,0.4291913489287775,0.9995156192838522,0.06940263947680876,-0.0730051409613915,-0.20903583621938862,-0.08020253067234623,0.09087548134741162,-0.7878962133225713,2.037468437855473,2.044082739398754,2.2207863646737374,2.2416490426014133
47.09303893958971,1.0995191140167218,1.2004116503966018,-3.599352014667837,2.694688158808117,1.1720073582743336,0.5597664087335719,0.990948223296884,0.06948391321299424,-0.057116695984081305,-0.28986432417378566,-0.01953593896724414,0.014137283146110695,-0.7365269528593967,2.080430907224351,2.081450190781983,2.26582773006954,2.268090835439877
49.52963601343848,1.6395554667634569,1.4355281063335388,-3.4943383713350724,2.5900094868639125,1.1926490019783789,0.5945390889712062,0.9677699428188574,0.07201313943650824,-0.04993319019281725,-0.3620908010544559,-0.013407934142659972,0.0063379006887713,-0.686350277971594,2.083583805249949,2.0845456164165923,2.264731031389202,2.264416621844334
51.96623308728724,2.158656288817748,1.674773148872605,-3.382369687964669,2.4908417318198715,1.2076807764974877,0.6203415253050173,0.9411096234721998,0.07421704204010902,-0.04380538702035036,-0.4275741582471702,-0.016689354844628846,0.006072581140397235,-0.637659180760332,2.085897187802482,2.0871141391958092,2.2608595257394595,2.2607152442962595
54.40283016113601,2.6579240107575344,1.9170249873325067,-3.2652396547856166,2.3999518841671863,1.2186625590768956,0.6411809275822742,0.9123801640726955,0.07556008406476389,-0.037727150967028694,-0.486617973519853,-0.02034280309292388,0.004712070174056945,-0.5906472608295503,2.0883923880317377,2.0897605325663013,2.2565935344951606,2.256599735668429
56.839427234984775,3.1390143725545183,2.1614737213050264,-3.143940701368533,2.315140736639277,1.2260420287602005,0.6579608472037979,0.882500246177876,0.07604076620764977,-0.031805513619964206,-0.5395715866189101,-0.024216411479044447,0.0026449882110478134,-0.5454586221922647,2.0910544146216408,2.0925563850045155,2.252100781386556,2.2522177120766247
59.27602430883354,3.603143182196329,2.407398923887527,-3.019284671627478,2.234487742703843,1.22998339858005,0.6712425276661844,0.8522237109295728,0.07567867461341636,-0.0260954888913621,-0.5868370974379754,-0.02843329165457385,2.1117718004597802e-05,-0.5022025008182422,2.0938494082166446,2.095491141091756,2.247440444667242,2.2476749439256127
61.71262138268231,4.051142072960606,2.6541129691171115,-2.8919712393442834,2.1562160639393757,1.2305326443939113,0.6814304545102274,0.8221659484011267,0.07448236718918036,-0.020614770088573316,-0.6288501981337664,-0.03300883779334926,-0.0032258131098120563,-0.4609599142468275,2.09675669615627,2.0985499258245275,2.242685188793972,2.243041963461995
64.14921845653107,4.483487270063084,2.900937400451528,-2.76261922686986,2.078577387700441,1.227666595140359,0.6888114862151634,0.7928176064900051,0.07244750662567065,-0.015370289768178459,-0.666060866313455,-0.03797898460213838,-0.007176037854113603,-0.4217877824417937,2.0997720307705956,2.1017341701128136,2.237913376676902,2.238393677266945
66.58581553037983,4.900305314618945,3.1471891128289937,-2.6317901082752524,1.9998275702386825,1.2212951895349333,0.6935728435202274,0.7645590664278631,0.06955353049603225,-0.010359600460148602,-0.6989171560402764,-0.043404736028386834,-0.011916891277970548,-0.3847219770567458,2.1029135943712025,2.1050679130821206,2.233215258695579,2.2338198990603244
69.02241260422859,5.301373910016109,3.3921669824016156,-2.5000079224495604,1.9181957380142645,1.2112569700413947,0.6958088065766277,0.7376746353179542,0.06576092571998274,-0.005570994061802874,-0.7278529409162252,-0.04936275259253861,-0.017551430164022205,-0.34977977723185094,2.106228529224484,2.1086040145040825,2.2287018854297482,2.229432204116374
71.45900967807735,5.686116583774281,3.635137592315594,-2.367777852254034,1.8318448788005266,1.1973135740497463,0.6955213538875539,0.712366011756228,0.06100910059637489,-0.000984523787556266,-0.7532791036471193,-0.05594226629272002,-0.024200757462499407,-0.31696191900453,2.109801277439264,2.112432456481045,2.224514982949236,2.2253730516414074
73.89560675192611,6.053589464300094,3.875319854774345,-2.235604679629436,1.7388286029108775,1.179142649178239,0.692616729506761,0.6887647371120644,0.05521452917174717,0.003426921108254204,-0.7755774550265585,-0.06324426981551344,-0.03200428459810265,-0.28625432816219465,2.11376503652393,2.1166915831130217,2.2208393626627387,2.221828013502922
76.33220382577487,6.402459407696412,4.111868214822988,-2.1040119297505706,1.6370445777861335,1.1563288967347456,0.686898292962543,0.6669433943996425,0.048269042007561776,0.007696734316504733,-0.7950966895443277,-0.07138040905297786,-0.04111888539148028,-0.2576295919021098,2.118317518863989,2.121583348795619,2.2179192849577904,2.2190420393177828
78.76880089962363,6.730972810105158,4.3438540619358035,-1.9735624468030113,1.5241836021006157,1.1283529849307514,0.678055351830453,0.6469253985861925,0.040038318129991174,0.011863886850533523,-0.8121497351096226,-0.08047036037429037,-0.05171617873284207,-0.23104821253698307,2.123742498096145,2.127393903507068,2.216080249902544,2.2173411223260686
81.20539797347239,7.036914234037181,4.570244923678327,-1.8448812042451506,1.3976727572852832,1.0945779213289737,0.6656473138690665,0.6286932976220662,0.030360800131550493,0.015972315628937247,-0.8270119176150941,-0.09063632262920056,-0.0639763808309813,-0.2064596829819576,2.1304393738894487,2.1345209183236493,2.21575806541677,2.217161148088244
83.64199504732115,7.317553664536719,4.7898809335176775,-1.718681285229143,1.2546106531970789,1.0542323164768275,0.6490821723860886,0.612195560817517,0.01904748838668045,0.020070284886109797,-0.8399194403540425,-0.10199076213140605,-0.07807427448912958,-0.18380342411381603,2.1389634400709077,2.1435096600291326,2.2175376495529235,2.2190861431143833
86.0785921211699,7.5695808142459935,5.001447951179007,-1.5957941662548742,1.0916923462318189,1.0063898303094636,0.6275879617348388,0.5973518772286862,0.0058837020756674525,0.024209509502783465,-0.8510677926790764,-0.11461203776251298,-0.09414994625386852,-0.16300962683320191,2.150067970476818,2.155112667989387,2.222204382320713,2.2238990324598014
88.51518919501866,7.789024412009637,5.203446572218415,-1.4772057098414548,0.9051220043825833,0.9499444567696631,0.6001753088708922,0.5840570678779243,-0.009365113662694435,0.028443725433907215,-0.8606099243846084,-0.12857872288504116,-0.11233514489414327,-0.1440000474980738,2.16469373191771,2.1704348304183427,2.230808008068147,2.2326522092519907
90.95178626886742,7.971154024504104,5.394156194543542,-1.3640996468731146,0.6905135060841182,0.883582465629313,0.5655881092821422,0.5721839487343261,-0.026951575548745332,0.03282820497038768,-0.8686540179535626,-0.1444899509601472,-0.13330553326288422,-0.12668881924503145,2.18413827837431,2.1909403193399526,2.2447390397169005,2.246766701568807
93.38838334271618,8.11036199771232,5.571593473390984,-1.2579109236480017,0.4427443844112696,0.8057367090021238,0.5222392406698124,0.5615846257282271,-0.047222296549344366,0.037432777136075665,-0.8752560928224109,-0.16339781411128704,-0.158365685893852,-0.11098335207133779,2.213681333552347,2.215054290817649,2.265925257717192,2.2680626589155763
95.82498041656494,8.200016187362115,5.733461637745769,-1.1603919059984533,0.15546500842362887,0.7143991546782905,0.46816383167864534,0.5520855956218628,-0.07070336694899902,0.042348897110964144,-0.8804017157522596,-0.1644266663251481,-0.16615739219372666,-0.09678524588079547,2.274199589623758,2.226830616657856,2.2974952268657,2.298381650786206
98.2615774904137,8.232214525821623,5.8770623135327344,-1.073687929393183,-0.17978047011234216,0.6067628729853437,0.4010876642669923,0.5435763085279323,-0.09492032029012924,0.04702046280627026,-0.8843001814906666,-0.010679523923550344,-0.011777787852185154,-0.08399075981840091,2.3015203921582748,2.296960614614468,2.3418743554795443,2.341846044748161
100.69817456426246,8.197363778724817,5.999135743853092,-1.000399168213547,-0.5629266670033513,0.48307162758629635,0.3161984303908901,0.5357396468109943,-0.09679367023900365,0.04648777752114938,-0.8877868262547173,0.00386240148760224,0.003325547000963992,-0.07249221812201809,2.3002519108226473,2.3009033995690693,2.338813352023725,2.338795349375215
102.92913815614546,8.083247571213441,6.095606669367554,-0.9444874214868262,-0.8966934102668389,0.37512354570698636,0.2490662229198864,0.5290433927545608,-0.09654126140477261,0.04559877146539434,-0.890951220800981,0.0017329123302151019,0.0012089552008609184,-0.06217885463264714,2.301746627465903,2.3018705068369356,2.3360582517565103,2.33606528253384
105.16010174802845,7.902378011590007,6.170487965318264,-0.9020021263855559,-1.1808106617194407,0.28315240875418024,0.19472588647821779,0.5232953347142117,-0.0965579203570652,0.044891992411708014,-0.8936161578965399,0.001367868844859782,0.0007615851285614014,-0.05293750340393606,2.302933341463576,2.302876366301382,2.3336089819406913,2.3336168334969183
107.39106533991145,7.664684996889919,6.226975010408042,-0.870384915018913,-1.4237472466973358,0.20442047384684722,0.15098082833861637,0.5184033844899304,-0.09659945168865107,0.04428617244677828,-0.8958612405573143,0.0015868025066092277,0.0009068926860499894,-0.04465261140709587,2.3038762335497966,2.3038064492817414,2.331435793981875,2.331444356441867
109.62202893179445,7.378404659879401,6.267715639423475,-0.8475167351315962,-1.631714293827635,0.1368874172189784,0.11587474147172105,0.5142797009421416,-0.09658654545452362,0.043750249449878154,-0.8977420865723013,0.0018497484872785773,0.0010918640641071826,-0.037206607613427846,2.30463380151946,2.3045575516663606,2.3295217781906894,2.329532595295541
111.85299252367744,7.050530907912235,6.294949626011966,-0.8316697940201884,-1.809656042704741,0.07892166173436957,0.08776611790834593,0.5108447820674121,-0.09651701592818415,0.043273593096159524,-0.8992995742908902,0.002141084355936331,0.001290938581247828,-0.030480228754126596,2.3051923707258264,2.3051046726308457,2.3278532160678393,2.3278669533243446
114.08395611556044,6.687068800576961,6.3105904307618195,-0.8214445994549048,-1.961745177320119,0.02914448223659649,0.06532435990244446,0.5080302640969605,-0.09639104926147193,0.042846805555649105,-0.9005676103445153,0.002478901326484539,0.0015184650093568147,-0.02435281365026359,2.305533646540681,2.305432044406422,2.3264173226965124,2.32643453406743
116.31491970744344,6.293188860752865,6.316275770633728,-0.8157077781310598,-2.0915185465102417,-0.013617203555619618,0.04747179181958082,0.5057791590304244,-0.09620605467530742,0.04246080448756128,-0.9015738689342031,0.0028727711028303316,0.0017808957662164293,-0.018702570375524405,2.305642201358762,2.305524466522122,2.325202007817122,2.3252233736967445
118.54588329932643,5.873354241607265,6.313408746868381,-0.8135414915762692,-2.2019695269918875,-0.050362652941813885,0.03333382790191761,0.5040458814054869,-0.09595785019681406,0.042107186619573064,-0.9023398329587238,0.003331895846379762,0.0020836166028071284,-0.01340682015569538,2.3055041559808256,2.3053676921604973,2.324195570122024,2.324221952980237
120.77684689120943,5.431429420997261,6.30319260954611,-0.8142028183903242,-2.29562809838871,-0.0819443663667977,0.0222000689078721,0.5027963001652369,-0.0956407902589382,0.04177820441860436,-0.9028808805303478,0.003867185949142664,0.0024327508801873896,-0.008342222550371415,2.3051065402388216,2.3049483302173894,2.3233863806489756,2.3234188776005382
123.00781048309243,4.970772880871433,6.2866601086847105,-0.8170909170797167,-2.374627350565707,-0.10909067322494148,0.013493176246925984,0.5020077743513678,-0.09524762110339041,0.04146664442130101,-0.9032063435172574,0.0044915709435375505,0.0028352145122416154,-0.0033849869773949614,2.3044370014782873,2.3042535590465283,2.322762615560062,2.3228026282235033
125.23877407497542,4.494316485207743,6.264698328287312,-0.8217204140134738,-2.440758088414119,-0.13242451262077456,0.006743685063219474,0.5016691598662746,-0.09476931133977083,0.04116567638323356,-0.9033195167290311,0.005220338378868397,0.0032987177741452263,0.0015889239669559987,2.3034835945437124,2.303270897884881,2.3223120348476103,2.322361361530322
127.46973766685842,4.004633936996623,6.238069764310871,-0.8276998287282704,-2.4955136603885104,-0.15247913329444984,0.0015695199857106395,0.5017807840937453,-0.09419486053971411,0.04086866766038573,-0.9032176183038393,0.006071591542000654,0.0038317815574534456,0.006703593685201405,2.3022346319776066,2.301988049009298,2.3220218014596976,2.322082758876521
129.70070125874142,3.5040002695182606,6.207430262695666,-0.8347140960616525,-2.5401266669997007,-0.16971128129557672,-0.002340747935534685,0.5023543843962776,-0.09351107817449839,0.04056895253756782,-0.9028916999109496,0.007066811907683061,0.004443718839010276,0.01208294746545292,2.3006785998522354,2.3003928078285316,2.3218783417127256,2.3219539252227532
131.93166485062443,2.9944439959224307,6.173344319887761,-0.842510436884403,-2.5755988120708033,-0.1845123184370739,-0.005241667004515431,0.5034130045404387,-0.0927023298796449,0.0402595450364762,-0.9023265014589235,0.008231544071412265,0.0051445559873049065,0.01785053941045316,2.298804146358137,2.2984730475095856,2.3218672540388474,2.3219613475743937
134.1626284425074,2.477793288557823,6.136298159685937,-0.8508869819798865,-2.6027248722363736,-0.19721762405753004,-0.00734230508511797,0.5049908407544482,-0.09175024874655804,0.03993278093314554,-0.9015002411595441,0.009596229469778806,0.005944866700981286,0.02412932508764002,2.296600155429731,2.2962167922265992,2.3219732800025605,2.322090929746275
136.3935920343904,1.955717364401845,6.096710929742875,-0.8596836759601661,-2.622111536390068,-0.208114564092765,-0.00881578028576739,0.5071330263121725,-0.09063340962107423,0.039579871116450185,-0.9003843278241861,0.011197218781268977,0.006855480790123219,0.031041415170635855,2.2940559250120627,2.293612401377494,2.3221803599390247,2.3223281293549443
138.62455562627338,1.4297641026008119,6.054944304252951,-0.8687750873169953,-2.6341916864046415,-0.21744925821903624,-0.009807330696933687,0.5098953402256193,-0.08932696520454304,0.03919034405083995,-0.8989429781863086,0.01307799626899698,0.007887015646921288,0.03870780619361755,2.291161478976351,2.290648897877604,2.3224718062905594,2.3226582343351163
140.85551921815636,0.9013948058657267,6.011310733208317,-0.8780648324196622,-2.6392345412531273,-0.22543233392499612,-0.010441266151190717,0.5133438217331098,-0.0878022443562814,0.03875134980747537,-0.8971327179438614,0.015290651549305546,0.00904915910844572,0.047248085654196484,2.287908054088626,2.2873164880818266,2.3228306417500946,2.3230668309453524
143.08648281003934,0.37201693304312455,5.966080540834729,-0.8874813898649232,-2.63735195950421,-0.23224382300974164,-0.010827096833447675,0.5175542676322497,-0.08602631573035728,0.038246791751904555,-0.8949017411923237,0.017897633691752478,0.010349606842932554,0.056780110065781104,2.2842888200707585,2.283607340479548,2.323240168008976,2.323540534384687
145.31744640192233,-0.15698442881409122,5.919488044719871,-0.8969751405492681,-2.628501082924616,-0.2380373291547144,-0.011065099886365025,0.5226115838665139,-0.08396152425908288,0.03765624440525452,-0.8921890990723481,0.020973816687575208,0.011792523491472997,0.06741965614400994,2.2802999132947224,2.279516717021534,2.323684856091454,2.324068078364148
147.5484099938053,-0.684215621097381,5.871736841417994,-0.9065165210623198,-2.6124834008542646,-0.2429435733774788,-0.011251563976093911,0.5286089557466453,-0.08156501475461748,0.03695360717182757,-0.8889236849032485,0.024608890187120678,0.013376352394391227,0.07928004705622838,2.2759418951952526,2.2750445874037437,2.3241516834880462,2.324641893341379
149.7793735856883,-1.208243283169484,5.823004382953546,-0.9160952259927863,-2.588940216226714,-0.2470734062312909,-0.011483941978485445,0.5356467922243082,-0.07878826707913618,0.036105433622121076,-0.8850229799686649,0.028910058698824747,0.015090741573863913,0.09247175748638528,2.2712217880128813,2.270197906347755,2.3246320901348665,2.3252603473757256
152.01033717757127,-1.7275623150965043,5.773445950874238,-0.9257204407699411,-2.5573443950865915,-0.25052036073684625,-0.011866143097483557,0.5438313879743337,-0.07557668240140913,0.03506886516599811,-0.8803915216860453,0.03400497632534978,0.016912281929847874,0.10710200307024445,2.2661558969939133,2.264993801516638,2.325124789718418,2.3259308823096
154.24130076945426,-2.2405621902843014,5.723198119707551,-0.9354221329253856,-2.5169881776975798,-0.2533628076121958,-0.012514208093241646,0.5532732316512085,-0.07186928207363621,0.033789087046671606,-0.874919054478074,0.04004474747464246,0.01879866711238218,0.12327432143299859,2.2607737051764984,2.259464011276806,2.325639761807899,2.326674355946252
156.47226436133724,-2.745490830336761,5.672381789362674,-0.9452534783945964,-2.4669667158996758,-0.25566576397527396,-0.013562635860785524,0.5640848681995934,-0.06759861249361131,0.03219621526595263,-0.8684783238626916,0.047206664002920846,0.02068078686513055,0.14108815352515022,2.2551232319984154,2.253661034926757,2.326203873673986,2.3275310041299315
158.70322795322022,-3.2404151873848406,5.621104855786902,-0.9552945531248984,-2.40615687239637,-0.2574823980727822,-0.015171668218202436,0.5763781957708317,-0.06269099490162726,0.03020151838340795,-0.86092247712034,0.055696092180223845,0.02245216853976412,0.16063843515772727,2.2492783908427674,2.2476666230739077,2.3268687516567335,2.328568572843385
160.9341915451032,-3.7231775862708116,5.5694645806777885,-0.9656574816268709,-2.3331906657046546,-0.258855265669844,-0.01753589543191378,0.5902610415130644,-0.057067323697559756,0.027692883611837124,-0.8520820412108645,0.06574652140961171,0.023955112428868153,0.18201520961129802,2.243349078645203,2.241603453813127,2.3277217574912017,2.329893350065373
163.1651551369862,-4.191346755717753,5.51754971392993,-0.9764933066097264,-2.2464225597773635,-0.259817308667194,-0.020894622275645522,0.6058328129689216,-0.050644707404161195,0.024529461673895137,-0.8417614636397437,0.07761618692247588,0.024962878377613264,0.20530327305967605,2.237495003957642,2.2356511236235495,2.3289012454391225,2.3316650642072094
165.39611872886917,-4.642162317414847,5.465442416388636,-0.9880009317977634,-2.1438895662614783,-0.2603926439353826,-0.025544540056029887,0.6231789611986678,-0.04333937090067118,0.020535484125710424,-0.8297352303950918,0.0915788335661874,0.025157461642145766,0.2305818655504123,2.2319446192928396,2.2300679595841095,2.3306177382811093,2.334116894459578
167.62708232075215,-5.072471295539603,5.413220024894541,-1.0004385991077334,-2.023262827590058,-0.2605971744634933,-0.03185539424968509,0.6423639181250042,-0.035071404214024084,0.01549336079964637,-0.8157436265757094,0.10790474742218942,0.024103090343966686,0.25792442177481584,2.2270209167504014,2.2252207275774345,2.3331835121705815,2.3375819539628773
169.85804591263513,-5.478654942874358,5.360956695197397,-1.0141384992905615,-1.8817889363466351,-0.2604390835736489,-0.04028953523365127,0.6634220876152488,-0.025772170315003638,0.009136393672346959,-0.7994882959006367,0.12682382086579494,0.021217774965159118,0.28739839820241003,2.2231766469110186,2.221624733384521,2.3370539915898463,2.3425279267629446
172.08900950451812,-5.856543830757105,5.3087249461855945,-1.0295252926296734,-1.7162187460418559,-0.2599193093005848,-0.05142650566299342,0.6863463897774001,-0.015395570065034028,0.0011421052620544322,-0.7806279143238385,0.1484572936568592,0.015750085501411784,0.3190651965898618,2.2210477985910475,2.2199920209865573,2.3428749317115467,2.349612480383654
174.3199730964011,-6.201318701126747,5.256597109481645,-1.0471395469881926,-1.5227217824943597,-0.2590316596792779,-0.0659941779399348,0.7110738576549482,-0.0039348764449947775,-0.008871511629279053,-0.7587745822771768,0.1728015753229372,0.006742072422406275,0.3529802116177717,2.22155376700211,2.221267418064071,2.351482463012403,2.359820789807592
176.55093668828408,-6.507394200748903,5.20464675633051,-1.0676674031706022,-1.2967868727805032,-0.2577608571398649,-0.08490876579658917,0.7374679246767407,0.00855716129021808,-0.02135249714442769,-0.7334918246731831,0.20037895661802968,-0.0072500388606092005,0.3891930618747371,2.225930053217887,2.2267766368743658,2.364036776142936,2.3745145148444515
178.78190028016706,-6.7682827410811415,5.152950516080616,-1.0919782423457984,-1.0330762475051303,-0.25608935674029587,-0.10932655366291741,0.7652943033014216,0.02197712385043994,-0.03689188411485477,-0.7042929770705151,0.23227027184306873,-0.0284881412289145,0.4277480727046486,2.2341705320376515,2.240023772405416,2.3853981448330384,2.3922920249041626
181.01286387205005,-6.976429178352845,5.1015885315621405,-1.121172698977123,-0.7249097627380197,-0.2541061772865374,-0.14067950617893188,0.7941806630101941,0.03617387575298309,-0.056332515875445355,-0.6706375017277161,0.23809128428842793,-0.05008075382545657,0.4686842849865365,2.240269846694213,2.2717621734055538,2.435936332553676,2.3974677661421464
183.24382746393303,-7.122942337657151,5.050623148542864,-1.156637795117913,-0.3632374204258418,-0.25222378798188166,-0.18058240645697748,0.82379167634725,0.04910762953890904,-0.07796153188900218,-0.6321202322614801,0.015218108736549229,-0.0050704666819748325,0.5120321588509406,2.284923179658934,2.28765985424104,2.457888502333885,2.454112223208842
185.474791055816,-7.19712104064581,5.000034226412375,-1.2000835015524698,0.0515890419620918,-0.25014481751631934,-0.2328541721739137,0.8543676777129529,0.04595701927069365,-0.08166437756783142,-0.5890579968984607,-0.005448026783446594,-0.00013029905356093908,0.5578146782581691,2.289005762780084,2.2885656723935237,2.4673836135903096,2.4678293247555607
187.74761452311853,-7.185455491466884,4.949895325120839,-1.2540670624723134,0.4147243719923777,-0.24858181420615608,-0.280865921648926,0.8854230967671912,0.040871832538483324,-0.08374446642360117,-0.5406762079258888,-0.002552197627809693,-0.0007562838402270421,0.6060560126779554,2.2928421788654716,2.292675101519395,2.4808113125478832,2.480723128966145
190.02043799042104,-7.101162854896707,4.900069017806461,-1.3176529251308597,0.7256340166558692,-0.24836253950106435,-0.32848489370451117,0.9161674424761228,0.03548085527858919,-0.08596429299553887,-0.4862868008373221,-0.002203846449528901,-0.00023524992106669994,0.6567768222583327,2.298559053938536,2.298374583628664,2.495847092420641,2.495602529398922
192.29326145772356,-6.954688236784305,4.850286544941933,-1.3907624637370857,0.9934123412762981,-0.24915576058184546,-0.37746091572425045,0.9458232318825391,0.029576957560443585,-0.08799979055600544,-0.4254033353829997,-0.0023683433257462704,0.0008708865538919876,0.7099939386599629,2.304580169179389,2.3078033747455398,2.5106283195458112,2.514784188554318
194.56608492502608,-6.754657857525147,4.800345394450878,-1.473666988087935,1.2246279049973623,-0.25067845013105494,-0.42965720446395406,0.9733936038607505,0.023105785743747723,-0.08966925900114214,-0.3575590228951113,0.0005416907877671307,-0.02346776690721236,0.7657095481634525,2.3058515691473724,2.3264511031777424,2.520713062675905,2.5424311541548676
196.8389083923286,-6.508384209854685,4.750099661222604,-1.567010410647138,1.4244864009044715,-0.25265452167702124,-0.4865687413947369,0.9956490546049271,0.015411369598532119,-0.09325214073327275,-0.2818886144172927,0.007773462500560089,-0.1610341474871184,0.8238296034486361,2.3191466289789036,2.3269190759970977,2.5343517491105514,2.5357551051403147
199.1117318596311,-6.2221386287859355,4.69945865921381,-1.6717355854691298,1.6049181664323051,-0.26004734654292866,-0.5309000775037922,0.9996824093140456,0.003868679185476762,-0.10883069091491153,-0.19619771024592697,0.013587802512483167,-0.18960018232613707,0.8810331122381041,2.291273579947198,2.2758253577685292,2.425757921666123,2.414704926420226
201.38455532693362,-5.899806367703278,4.647339038394725,-1.7853262104676626,1.8069355706099375,-0.29169542301438717,-0.4400846381290204,0.9998102959225662,-0.008311030930887975,-0.1264524386118704,-0.10328167311124632,0.06129326583040609,-0.1010036687348829,0.9179182125337627,2.286502221675226,2.2619168372860736,2.2880957814210303,2.2644466370937364
203.65737879423614,-5.537070272642247,4.588889799758749,-1.8807524554366628,2.0376028504636428,-0.33285565220096086,-0.24300991061757438,0.9998333463869494,-0.015416787707179554,-0.13523692652817926,-0.004975828034588233,0.08287960920890056,0.06714475052748285,0.9184893456573997,2.3014304782099297,2.286361847487746,2.1693962654133068,2.1507880032971065
205.93020226153865,-5.128200638929776,4.522208663618282,-1.9367629384165121,2.2675440612549975,-0.34899504793647856,-0.009555655093728382,0.9998152714572349,-0.020256204068232874,-0.1268864821608712,0.09346864738288761,0.059027542549270264,0.19191279372831424,0.8824042637513044,2.324155096667837,2.323766588164924,2.1085382949607276,2.115560229854656
208.20302572884117,-4.673343196783511,4.452299907676699,-1.9460827138215402,2.440552885685956,-0.3350115051378391,0.1830768824001479,0.9997114961603221,-0.027946576687348342,-0.10589285744933749,0.18654761238992,0.04926082893194746,0.18075307391359247,0.8252397030369454,2.3467417570262543,2.3725109830367406,2.1329235815335763,2.1546841000560693
210.47584919614368,-4.18388492692199,4.385188072990945,-1.9168771046155852,2.5220294108621526,-0.32072148620221297,0.26907484557450473,0.997839047575676,-0.0355894335406149,-0.08552038942024051,0.272690331217837,0.006391986931888739,0.034280013141666246,0.7670133628199372,2.4243558341221747,2.4284746545503593,2.216243966409933,2.2196345456266484
212.7486726634462,-3.678132509026165,4.320934312580801,-1.870473614712905,2.5248919876629814,-0.3214924885339463,0.21103373036916123,0.9759618723557784,-0.04237713195308297,-0.07909822414952616,0.3486139215961719,-0.001231818863842794,0.010833071772399425,0.7107694779444258,2.4295385003767977,2.4288279457208772,2.228757905100943,2.228822639373557
215.02149613074872,-3.1718085845023625,4.256526316618805,-1.835679965725796,2.5146696859856186,-0.3279576912448318,0.14668938828738248,0.9486986173504418,-0.048351503307308905,-0.07487241669826114,0.4166281464851965,-0.00024916032560762247,0.012758446330507668,0.6567067192089829,2.424992189975289,2.4240876623153844,2.2324392077067956,2.232615654459939
217.29431959805123,-2.667529775945046,4.190825223836394,-1.8137561965115778,2.5031935810607777,-0.33689861070725213,0.09237092995965092,0.9193042920396757,-0.053681998157070955,-0.07033769928122917,0.4775402197820771,0.001591335037716344,0.015094128785280457,0.6049052139391692,2.4200477704816516,2.4191276710122454,2.2359694808536608,2.236308341060197
219.56714306535375,-2.165546540397901,4.123335898049361,-1.8026967045606777,2.4903027372486544,-0.3486766008862792,0.04686383571052076,0.8888222477832713,-0.05837871772012871,-0.06550605046058232,0.5317981658842855,0.003860272953036973,0.01717748887533739,0.5554142946224102,2.4150579229826787,2.4140717496829147,2.2395781103271895,2.2400259293601743
221.83996653265626,-1.6661416121753192,4.053490935739563,-1.8007389325474041,2.4755838354849096,-0.36366261489804125,0.008725817140965727,0.8580729931978868,-0.06246655528763677,-0.06044280830819531,0.5798885322595279,0.006616548100881267,0.019357625164489044,0.5082668773406452,2.4100540048353087,2.40900075822607,2.2432477720641297,2.2438034683145567
224.11278999995878,-1.1696804668016954,3.9806487405497397,-1.8064088815421897,2.4586694218891023,-0.3821760263836333,-0.023309814179505783,0.8277168766535719,-0.06598560230732912,-0.055160666455715004,0.6223192708000448,0.009882283175396557,0.021648783506614262,0.46348314940726293,2.40507037390048,2.4039462674207304,2.246967130171191,2.247633674894906
226.3856134672613,-0.6766021268249892,3.904103838797158,-1.8184859598993905,2.439128137066645,-0.40461728017866794,-0.05032976455142978,0.7982737479330666,-0.06897707197054598,-0.04965439903405988,0.6596017531512506,0.013700093466961629,0.024053294691354383,0.4210719081341669,2.4001443335568005,2.398937682999732,2.2507303264194434,2.251510124487601
228.6584369345638,-0.1874319247266964,3.823070665903702,-1.8359669643884071,2.4164684435608232,-0.43148453115487057,-0.07326128698429961,0.7701415100840174,-0.07147967510924129,-0.04390239003245152,0.692235459438112,0.018135936336522513,0.026595580570692928,0.3810313075601451,2.395319387530661,2.394013254244341,2.2545405022756637,2.255436851324826
230.93126040186633,0.297206474876919,3.7366640250845617,-1.858034173774868,2.3901368658678854,-0.4633795798917345,-0.09289924459311451,0.7436134756781064,-0.07352845373699037,-0.037864972630979765,0.7206966750264171,0.023273377766747733,0.029310655616527865,0.3433494515416563,2.3906506186883134,2.389223598393705,2.2584146525135766,2.259432135591807
233.20408386916884,0.7765786969061658,3.64387835873146,-1.884028859945815,2.35950620629143,-0.5010202485233696,-0.10993303724362581,0.7188942844819971,-0.07515397464252879,-0.03148395116616526,0.7454308293535375,0.029212051818712267,0.03224102201994085,0.3080049517721809,2.386209808942981,2.384635983879153,2.2623884971528634,2.263533015405615
235.47690733647136,1.2498249175855167,3.543564544455128,-1.9134301878197797,2.32385990179404,-0.545256767493538,-0.12497123253998488,0.6961143014438707,-0.07638181446464197,-0.02468230390407106,0.7668477316739901,0.03606814638097106,0.035436995530902654,0.27496748354993267,2.3820915188912175,2.3803402853309397,2.266522553745991,2.267801305228496
237.74973080377387,1.71594199542339,3.434403413643522,-1.9458390438766646,2.282374106549482,-0.5970915211891176,-0.13856387963453937,0.6753424033700239,-0.07723228401748658,-0.017363660403153416,0.7853189918823157,0.04397521466471911,0.038957423087240824,0.24419834942768504,2.378420937596159,2.3764572588215316,2.270910316374396,2.2723316383454186
240.0225542710764,2.1737620172337406,3.3148753207976798,-1.9809663291299366,2.234097431760485,-0.6577025683139204,-0.15122309772528567,0.6565971093911264,-0.07772031188963727,-0.009411515435231763,0.8011769918966193,0.053083203449393226,0.042869352935991374,0.21565105615897978,2.375364073016209,2.3731501146670753,2.2756894545043336,2.277262169228646
242.2953777383789,2.6219267911456257,3.183225008726404,-2.0186253709504483,2.1779278473636356,-0.7284715805231116,-0.16344269148260637,0.6398560518694875,-0.07785544937709105,-0.0006884124054248263,0.8147148585614677,0.06355144227110178,0.04724468928764442,0.18927191050520473,2.3731469169555597,2.3706346849988766,2.2810558485276227,2.2827900594421284
244.56820120568142,3.0588577193245388,3.0374208859681846,-2.0587282587518385,2.112586501691365,-0.8110165545385676,-0.17571759344297783,0.6250637961128039,-0.07764205527552512,0.008964174822114392,0.8261869931006404,0.07557575070812636,0.05218113835470299,0.16500064073400783,2.372117832528161,2.3691564413724637,2.287272761571425,2.289201967654494
246.84102467298393,3.482720434240287,2.8751077617570395,-2.101286068661343,2.0365895720077183,-0.9072282970567632,-0.18856406012832683,0.6121383206527088,-0.07707941355906638,0.019729475309526113,0.8358095474453289,0.08976177732490936,0.05803263027037479,0.142771052920345,2.372746397563016,2.369044380996245,2.294693866563698,2.2969041049234407
249.11384814028645,3.8913838048298057,2.6935522839802717,-2.1464131277238794,1.9482075844384115,-1.0193235034581984,-0.20254156228936357,0.600978070498546,-0.07615830041527011,0.03186450933164444,0.8437576101334691,0.10733592667259127,0.06544813692835579,0.12251173496104634,2.373706845656435,2.3726977308476713,2.3042426909621128,2.3060134860754946
251.38667160758897,4.282370806560381,2.489577761369848,-2.194335656313966,1.845296328514588,-1.1500531166352677,-0.21826716830433932,0.5914668339017324,-0.07485011487971957,0.045773604438743225,0.8501571562390513,0.11477472480435598,0.06560056784894193,0.10414683500655009,2.3651370300756396,2.391417731924123,2.3191979609787428,2.314665194998222
253.65949507489148,4.652775574401448,2.259457313909319,-2.2454032872653427,1.7249387296747918,-1.3031217207214325,-0.23638871430160027,0.5834177134840293,-0.0731774335179939,0.06020935197677199,0.8552336660347502,0.01317926116769631,-0.002749729690580838,0.08759709060907118,2.3858091211040233,2.388365025963124,2.3322741001640943,2.332048048274352
255.932318542194,4.999108830292565,1.998723144527194,-2.3000952189648483,1.5873591282125437,-1.4779658039481363,-0.2582752577492104,0.576047632749296,-0.07163678959621768,0.06175547760819426,0.859889049943296,0.004178379709399944,-0.010097307537501871,0.0727792510363304,2.382602698146029,2.382363270957404,2.3334502691641648,2.333867211124869
258.4488096658098,5.317034996448847,1.7017433029771596,-2.3592596780042325,1.4638250643361137,-1.6289754233029754,-0.2748221865407835,0.5699176779367964,-0.07007358114672906,0.06202039537024893,0.8637850416842918,0.006460372270255875,-0.010613903593920867,0.059607516342599406,2.3778345688846487,2.3778978205110954,2.3345999107471713,2.335037441076543
260.9653007894256,5.61025434428194,1.3745615389950263,-2.4217335272506184,1.354504630973867,-1.7555329211983224,-0.2873919624799892,0.5649350548019378,-0.068417005180158,0.06236436527195059,0.8669191135757625,0.007804348017261966,-0.012165815542322518,0.047994201266687325,2.3731192681475046,2.3732894543236265,2.335357041955305,2.335847123682435
263.48179191304143,5.881609596210962,1.0220682780068204,-2.486721338715207,1.2563715712616672,-1.8612856486393785,-0.29650320399859126,0.5609715925443649,-0.06662245744943088,0.06265825115585738,0.8694062238167902,0.008961671964038917,-0.014238602747355278,0.037849878945840625,2.3683661738378543,2.368555829696857,2.335681410174744,2.3362538456556763
265.99828303665726,6.133338225107081,0.6484244747363994,-2.5535314066302157,1.1670366899238134,-1.9488181755168408,-0.30262127513691384,0.5579057931132944,-0.06464663873527113,0.06286984624988919,0.8713418442623188,0.010314551443211835,-0.016649670801806953,0.029083814012736426,2.3634913514836717,2.3636994118865258,2.3355358972012046,2.3362065873331543
268.5147741602731,6.367199866055984,0.25727416954190474,-2.6215650971105338,1.0844389588715972,-2.020122739952873,-0.3061190697569385,0.5556229925500364,-0.06244070736921652,0.06300931698184815,0.8728082761692797,0.011916226175452634,-0.019448046321520317,0.021604371642741583,2.358447099979789,2.3586785207679752,2.334873337904826,2.335659085270118
271.0312652838889,6.584541949329391,-0.14813704509741266,-2.6902983544934047,1.006684546825663,-2.076813677296838,-0.30727020700239566,0.5540152403568505,-0.05994892559667911,0.06308757066768005,0.8738792766631929,0.013803354903070246,-0.022705170900117873,0.015319371146625982,2.353185339570423,2.3534443304523753,2.333642766621737,2.334563565808759
273.5477564075047,6.78633313941444,-0.5648864439245281,-2.7592618466452423,0.9319957499872152,-2.120172902005825,-0.3062614073870015,0.552981810566901,-0.05710771095924892,0.06311365931393159,0.8746210212048428,0.01602563000312025,-0.026500463525055463,0.010136384579421556,2.3476540582611674,2.3479454912011377,2.3317906925486986,2.3328701438444264
276.06424753112054,6.973186560286575,-0.9903076846564202,-2.8280235853977795,0.8586704764973131,-2.1511779077786435,-0.30320290265923766,0.5524296102411799,-0.053844263772389225,0.06309547751441538,0.8750925348247063,0.018642595118853873,-0.030927144433376925,0.0059629821810069745,2.341798822246073,2.3421287267960547,2.329261870805846,2.3305277831010835
278.58073865473636,7.145374917653533,-1.4219299237875096,-2.8961736288964954,0.7850424590803342,-2.1705250424305493,-0.29813571976253156,0.5522734100569944,-0.050074846762395916,0.06303982993855609,0.8753459217180013,0.021724095216595934,-0.03609573419573688,0.0027069270357647827,2.3355647006937925,2.335940523526175,2.3260008526369202,2.3274860109034647
281.0972297783522,7.302837663782827,-1.857421587385418,-2.9633102407001433,0.7094424507726252,-2.178646378560059,-0.2910365862986637,0.5524359081365305,-0.0457027197639637,0.06295232668343387,0.8754263404690317,0.025352048184006947,-0.04213731372441873,0.00027632268154453735,2.3288991365514473,2.3293300403681325,2.3219546630037184,2.3236977104338776
283.613720901968,7.445180401511776,-2.294537516031667,-3.029027029945829,0.630159713308355,-2.1757202243633396,-0.2818208257824945,0.5528476227081679,-0.040615682278522094,0.06283723550537076,0.8753716865985978,0.02962247611535241,-0.04920727257630829,-0.0014202812513559374,2.3217563645582007,2.3222535732459435,2.317077062141813,2.319123477504655
286.13021202558383,7.571666585958929,-2.7310682119327243,-3.092900670547412,0.5454028313212282,-2.1616756395094856,-0.2703434701931879,0.5534465918933755,-0.03468317441760082,0.06269728661175097,0.8752119339064057,0.034647708875213484,-0.05748950683514068,-0.002473819006129236,2.314104043107347,2.314681217255303,2.311335061394477,2.313738191956003
288.64670314919965,7.681201389091305,-3.16478998921078,-3.154478842893043,0.4532588867404807,-2.1361911519911563,-0.25639876801000067,0.5541778387073432,-0.027752899014059786,0.06253341991275728,0.8749680574677019,0.04055867826439012,-0.067200889992612,-0.002974666569374343,2.3059330261086246,2.3066066288217946,2.3047186673355187,2.307540669208902
291.1631942728155,7.772307399180373,-3.5934148675674615,-3.2132680771431326,0.351650006266078,-2.0986876991294485,-0.239718233606093,0.554992532780217,-0.019646954816879936,0.062344466543185935,0.874650422703298,0.047506942821365146,-0.07859541144227901,-0.003012618203733936,2.2972716332862246,2.2980610644266415,2.297255492843448,2.3005673026573588
293.6796853964313,7.843091629758576,-4.014539054150132,-3.2687212064033058,0.23828621419370793,-2.0483156453663396,-0.2199673649183841,0.5558467436230443,-0.010157555516536684,0.06212675762693388,0.8742564767041484,0.05566430048029267,-0.09196442192527164,-0.002676870476219289,2.28820627322529,2.2891333310216004,2.2890324426829296,2.2929109974219433
296.1961765200471,7.891203099143647,-4.425588828977486,-3.3202241634295198,0.11061345091765458,-1.983935587620076,-0.19674114675925694,0.5566996191869111,0.0009571391307445947,0.061873663189900584,0.8737675318440682,0.0652156006052427,-0.10762576703042145,-0.002056000100605444,2.278908134049053,2.2800006867869764,2.2802159960076884,2.2847586509020887
298.71266764366294,7.913780013664419,-4.8237625914365525,-3.3670818779950173,-0.03424351503698055,-1.9040931638072232,-0.16955846584948603,0.5575107578006757,0.01397561890655158,0.061575085733778706,0.8731444319542702,0.07639372754999581,-0.12598260809794865,-0.0012379186326488742,2.269655408564472,2.270987604492065,2.2710169805016145,2.2765076931697736
301.22915876727876,7.907385533292732,-5.205967868484085,-3.4085030572642623,-0.19954078574014436,-1.806989901069635,-0.1378558988767855,0.5582369265602481,0.029222210362954165,0.06121670786614024,0.8723214246011537,0.08988922738944742,-0.14819486226785178,-0.0003097831906881054,2.260909546848759,2.26260227089049,2.261821692109934,2.2687482292001055
303.7456498908946,7.867931597528848,-5.56875249249309,-3.4435837237796347,-0.3890043740179677,-1.6904323617182042,-0.10098066065753689,0.5588294046487574,0.04715737815527581,0.060777329912477134,0.87119196731981,0.1069044264478517,-0.1762368902374034,0.0006421616094944504,2.254212522009334,2.2547941552432915,2.2566496222632253,2.258960987952617
306.2621410145104,7.7905849432525764,-5.908225608287617,-3.47128934308209,-0.6072065925391726,-1.551583458342442,-0.05815112615422745,0.5592238913032964,0.06848184717054412,0.06022681373533483,0.8695814592670785,0.11255347967516115,-0.18563341525449203,0.0015328552748775095,2.2547989221527986,2.2445469163601883,2.2737528448062534,2.2311244601862064
308.7786321381262,7.669597844754696,-6.219928943198285,-3.4904290557375486,-0.8602413335564952,-1.3865032021148078,-0.008294935034497108,0.5593083632572665,0.09096122655013268,0.05960812824534859,0.8675494016155979,0.007297533488348798,-0.013591256449525434,0.0022788992788835747,2.2493808294190205,2.248370847337488,2.2529840880921106,2.248622316273286
311.29512326174205,7.498003797819032,-6.4986162267743905,-3.4995975302784914,-1.146713797751381,-1.1964263537196511,0.04823193786621606,0.5590815922158967,0.09251852548623474,0.059456764456138,0.8675052751991981,-0.003598867017881126,0.0038851399625467013,0.0027987855579140403,2.2491868835995863,2.2493669152854174,2.249774037702357,2.250352495575197
313.80789729388357,7.267119055858148,-6.737904367444532,-3.4970581605220556,-1.397769933077909,-1.0292982288263648,0.09810562929934166,0.5587993726439351,0.09199168859493191,0.05933072213772018,0.8677222744463878,-0.002305053715812484,0.0014159347406001868,0.0030108747859721513,2.249774091506314,2.2498432573421927,2.2490973362098106,2.249203148277339
316.3206713260251,6.986023086999928,-6.943766883169507,-3.4845440524343463,-1.6119593379885262,-0.8862627591627584,0.14088409093090418,0.5584944401619336,0.09175978101428997,0.05917613366001694,0.8679300926315806,-0.0021867046584309892,0.0008453841323164947,0.0028332101980361978,2.250456048145717,2.250488729623132,2.2481013238413547,2.2480262748633635
318.8334453581666,6.662089237444018,-7.121022305015572,-3.4634742519562516,-1.7952685657656189,-0.7632810114485044,0.17773978508473054,0.5581998681356956,0.09158365412916407,0.05900082129575144,0.8681317145305595,-0.0025376058891978543,0.0009819567132608074,0.0021834155501653583,2.251248469883402,2.251285420109133,2.2468474934939735,2.246754675886625
321.34621939030814,6.301493542686552,-7.273681377390332,-3.435033312580984,-1.9521252004825285,-0.6573740391404617,0.20952928383977465,0.5579564905344506,0.09137305049539089,0.05880782594106698,0.8683096634943868,-0.0029601393753000767,0.0011625722273195319,0.0009786410978887114,2.252167952910597,2.2522122908538496,2.2454096802842987,2.2453063091556413
323.85899342244966,5.909526521374216,-7.405159055392201,-3.4002344733957,-2.0860654006220307,-0.5661529066667356,0.23693577392693912,0.5578126947402802,0.09111704586192025,0.0585984086007773,0.8684335191073068,-0.003440830297162959,0.0013540141140670552,-0.0008644707272188347,2.2532134400353687,2.253265710451893,2.243789938126626,2.2436706074007144
326.3717674545912,5.490771460432671,-7.518392507004161,-3.359954336146513,-2.2000999124135046,-0.4875659477754594,0.26054480009387393,0.5578242483828333,0.0908077349011868,0.05837388697605874,0.8684679327065536,-0.003998774937420965,0.0015727406567313835,-0.003429793340151811,2.254381964008313,2.254443742892187,2.24198280662733,2.241844472870765
328.8845414867327,5.049209497525029,-7.615908566956958,-3.3149523936322316,-2.2967969656164575,-0.41984250932630435,0.2808596833734213,0.5580543014497,0.09043423867935833,0.05813556431660857,0.8683731408538298,-0.004648616138272316,0.0018244989080152601,-0.006801693094089537,2.255670651301635,2.255744114696342,2.239983973650209,2.2398238444981446
331.3973155188742,4.588308124351407,-7.699879939350868,-3.265887474445495,-2.3783348771350994,-0.36145674712043574,0.29831082423259764,0.5585733654983971,0.08998389215087067,0.057884501614889484,0.8681046632142052,-0.005405956613150237,0.0021127262212822955,-0.011064971461898885,2.2570765160901796,2.2571644358379883,2.2377896736825718,2.2376046006627663
333.91008955101574,4.111099169223922,-7.772174159443754,-3.213332327084825,-2.4465505123098854,-0.3110936596095401,0.31326439803687806,0.5594592382558276,0.08944237204454043,0.05762128271137896,0.8676130368609517,-0.006289263359412892,0.002440706647893582,-0.016304768609439475,2.2585964120960003,2.2587023307706646,2.2353965914383687,2.2351830491546467
336.42286358315727,3.6202470873821517,-7.83439576218118,-3.157786464974304,-2.5029809527131337,-0.26761926794923635,0.32602980907615187,0.5607968599365775,0.08879352239014991,0.057345726553995606,0.8668434872448568,-0.0073204367793838375,0.0028112902997193194,-0.022606425061011418,2.2602270958518957,2.2603555536007214,2.2328020991659825,2.2325561989374454
338.9356376152988,3.1181089177486223,-7.8879224867373585,-3.099687520678378,-2.548898334188896,-0.23005494051530206,0.3368658365740484,0.5626780821931638,0.08801916029977368,0.057056525467285686,0.865735484984665,-0.008525425864637138,0.0032264012462360023,-0.03005529876719498,2.261965353891987,2.2621221720913365,2.2300045790208167,2.229722093261635
341.4484116474403,2.6067872720757284,-7.933936345959438,-3.039421370914992,-2.58533865420095,-0.19755526876402138,0.34598558688818026,0.5652013268776512,0.0870988733643558,0.05675079248991009,0.8642221648001538,-0.009934985727283201,0.003686415535103318,-0.03873653573313587,2.2638082128784176,2.264000851088589,2.227003827353241,2.226680248775653
343.96118567958183,2.0881775626226347,-7.973450270983895,-2.977331271128807,-2.613125235406083,-0.16938896776264858,0.35356034259226327,0.5684711082386763,0.08600980709243121,0.056423497086470445,0.8622295833560923,-0.011585559493581536,0.004189303586459889,-0.04873479345804714,2.265753265691422,2.2659912679185403,2.2238015701707075,2.223432227155548
346.47395971172335,1.5640105371172357,-8.00733093595904,-2.9137262202480527,-2.6328873843158154,-0.1449223613480054,0.3597223656162502,0.572597387862029,0.08472644966922767,0.056066764217792484,0.8596757916803134,-0.013520279824810773,0.004729448697083207,-0.060133917758139206,2.267799156197126,2.268094703399539,2.220402124152361,2.21998238009363
348.9867337438649,1.0358910819855771,-8.036318279799236,-2.848888764813389,-2.645074667534585,-0.1236050741051267,0.3645666821268473,0.5776947263500751,0.08322042730114516,0.05566900709443328,0.8564696980040135,-0.015790076448552338,0.005296037762741293,-0.07301657504777784,2.26994627930735,2.270314865344918,2.2168132482247738,2.2163388242642363
351.4995077760064,0.5053341703335077,-8.061042166334808,-2.7830824461306682,-2.64996712441371,-0.10495760322215925,0.3681518469958657,0.5838811891782607,0.08146033050203606,0.05521385883358188,0.852509698267521,-0.01845485286862913,0.005870891454739933,-0.0874638437537602,2.2721977718603252,2.2726590180892305,2.2130472465181494,2.2125147228040776
354.0122818081479,-0.026201232602544682,-8.082036558832927,-2.7165590945300027,-2.647681637718413,-0.08856048635626836,0.3704996537411612,0.5912769560436789,0.07941160155479315,0.05467886288116311,0.8476820543908741,-0.021584658006941225,0.006425567066044835,-0.10355477011647486,2.2745608953220797,2.2751395129984764,2.209122405057967,2.2085299764474833
356.52505584028944,-0.5572795381382585,-8.09975152809163,-2.649566181636625,-2.638174590253914,-0.07404481791208875,0.3715937205350468,0.6000025729424971,0.07703652697435834,0.05403387687954835,0.8418590051698164,-0.025260720524829024,0.006917529692237525,-0.12136589504328091,2.2770489458178953,2.277775842614403,2.205064873794148,2.204413462826711
359.03782987243096,-1.086456434149352,-8.114563363789498,-2.58235445544002,-2.6212408424711175,-0.06108389633927321,0.37137684284669614,0.6101767737228041,0.07429439725314876,0.05323914042868263,0.8348966019028247,-0.02957612577551314,0.007285149776638852,-0.14097075976493126,2.2796838740229277,2.280597377018212,2.200911145403035,2.2002060091125086
361.5506039045725,-1.6122465806006687,-8.126783015294823,-2.5151861048345308,-2.5965089706465654,-0.049385809806337284,0.3697469567485365,0.6219137824337806,0.07114192094340023,0.052242955219637635,0.8266322713497402,-0.0346357855788707,0.00744125496469233,-0.16243939865343418,2.2824998617253125,2.283646987840908,2.196711336774946,2.195964344290148
364.063377936714,-2.1330903527112595,-8.136663049609497,-2.4483437314986363,-2.56343260353839,-0.03868678732366841,0.36655150158084776,0.6353199888581917,0.0675340129874571,0.05097892847690964,0.816882123414517,-0.0405551637647904,0.007264956242170578,-0.18583782756423695,2.2855481898177743,2.2869858266555094,2.1925335540417916,2.19176635678132
366.5761519688555,-2.64731885145064,-8.144403279537505,-2.3821404492412537,-2.5212775828273837,-0.028745157287548603,0.36157990347594754,0.650489866599163,0.0634251201764,0.049362740991001734,0.805438041503457,-0.047456957306134806,0.006591508397429988,-0.21122753538140618,2.2889038524411833,2.290699605041006,2.188469725803955,2.187718085313145
369.08892600099705,-3.153116346123252,-8.150155183562152,-2.3169314866431496,-2.469104543200517,-0.019335765491875944,0.35455381803522396,0.6675009755323541,0.05877130183239603,0.04728842467720002,0.7920646219460268,-0.05546457497352471,0.005200096936801785,-0.2386649850220669,2.2926745345067343,2.2949068299206243,2.1846434339848413,2.1839630007868696
371.60170003313857,-3.648479232969596,-8.154025209325672,-2.2531277411629005,-2.405746353686809,-0.010244709619070718,0.3451146655239059,0.6864078582261979,0.05353335309453164,0.044624179873298225,0.7764960682525588,-0.06469078981703201,0.002799739230877072,-0.2682011279511361,2.2970127872221835,2.299769588934048,2.181220474753557,2.1806942991111877
374.1144740652801,-4.131170482034505,-8.156077024006947,-2.1912118262038565,-2.329779671949831,-0.0012642464178054544,0.33280785745480634,0.7072346038291556,0.047681342166044055,0.041207841945045565,0.7584332008240046,-0.07521937557123835,-0.0009859417973535382,-0.2998809331529041,2.302132521305322,2.3055076697525827,2.178423167431348,2.1781711229330214
376.6272480974216,-4.598668394893872,-8.156332746134803,-2.131757272864345,-2.2394896224574348,0.00781227998386214,0.317062938605735,0.7299658155154813,0.041201029205312906,0.03684223834061892,0.7375408195575395,-0.08707692653636093,-0.0066333037591490476,-0.3337429271561655,2.3083312988735147,2.3124170548394996,2.1765498297304933,2.176739864576486
379.14002212956314,-5.048108298015272,-8.154773163063892,-2.0754517032844055,-2.1328262959996653,0.017195656799076333,0.29716863870468896,0.7545356851229834,0.034102734541711546,0.03129088636765984,0.7134457648230457,-0.10019156802953112,-0.014729198552017205,-0.3698187352141911,2.31602033465974,2.3208941946237656,2.1760013906859075,2.1768619725787883
381.65279616170466,-5.476215536022088,-8.151336904706481,-2.0231249936555593,-2.007351349973588,0.027106364669140227,0.2722415237880507,0.7808148642223944,0.026433306777883872,0.02427480115014796,0.6857361737206785,-0.11433525811546941,-0.025971464981699863,-0.4081326029356061,2.3257645838575187,2.3314679724140537,2.1773178479346194,2.1791499958802723
384.1655701938462,-5.879227785014536,-8.145918504846815,-1.9757837069590933,-1.8601724168314338,0.03778072431075865,0.2411865346233105,0.8085948495222152,0.01829186695418326,0.015471644478912923,0.6539626373777009,-0.12904746687753824,-0.04115002932496495,-0.4487008574239599,2.338335889602818,2.3448418094838566,2.181228276109016,2.184413893899297
386.6783442259877,-6.252804247580227,-8.138365233126065,-1.9346534180200747,-1.6878622152409157,0.049477957392617414,0.20264717626524997,0.8375697143063247,0.009849909959018317,0.004519067678810741,0.6176422421344492,-0.1435404507090532,-0.061093613243758296,-0.49153122469994814,2.3547833283794937,2.3619483125561196,2.188720035892034,2.193719230451277
389.1911182581292,-6.5919186700367,-8.128472514851916,-1.9012310006505957,-1.4863580641288576,0.06248871927536018,0.15494249177101957,0.8673152749829531,0.0013759954411172292,-0.00897495956491737,0.5762668198466837,-0.1565911460935258,-0.08654994453605426,-0.536621822139193,2.376520946262965,2.3840233541272364,2.201135985772386,2.2084573904578613
391.70389229027074,-6.890732262482588,-8.115977644260173,-1.8773495200507384,-1.2508361767645229,0.07714577167484722,0.09598738283997744,0.8972662702961643,-0.0067360039411690515,-0.02540978145104574,0.5293170942230351,-0.16646882532876894,-0.11796232565258628,-0.583959394128732,2.405371772609811,2.412765855026441,2.220284177388244,2.230453607636925
394.21666632241227,-7.1424414776653515,-8.100551363243651,-1.8652590610827193,-0.975556723475491,0.09383376116981859,0.023192857308714558,0.9266928004178137,-0.013940551095552589,-0.045151558887968166,0.4762844362172768,-0.17121830382705974,-0.15565015459769932,-0.6335156695393303,2.443378578982504,2.4507654127336527,2.24834840036291,2.2623333223524833
396.7294403545538,-7.339094802391992,-8.081787484379467,-1.8677275070477721,-0.6536744498877636,0.11298294660479553,-0.06665329680103377,0.95467198002411,-0.019524358220698628,-0.06852819699675108,0.4166994014022141,-0.1694776145812225,-0.203473626814362,-0.6852385246617413,2.4941610128993688,2.500331635603767,2.287570909610701,2.3081684657021833
399.2422143866953,-7.4713716725872255,-8.059193768475492,-1.888165183656047,-0.2768022922594515,0.13511356426732896,-0.17745875955578658,0.9799773986301828,-0.022516461346887,-0.09620871894141288,0.3501535863295795,-0.15043573783216052,-0.2673177900528706,-0.7390239203311003,2.5806462964928985,2.5449942733176845,2.348465426895788,2.3654381843781622
401.75498841883683,-7.528274111416259,-8.032173929080592,-1.9307639526548637,0.16705927507084845,0.16173341090728108,-0.31305249088653003,0.9983984170407648,-0.02071591444104448,-0.12880165479418387,0.2757290627645776,-0.018770371220630896,-0.18432334580042453,-0.7945606600525081,2.625295099406096,2.617476155704044,2.4272389549187907,2.429487167771254
404.26776245097835,-7.49640423688942,-7.999830120388159,-2.0004814678164995,0.6886204978381494,0.19887499873567316,-0.4502985051707464,0.9996905939143035,-0.007027484380568959,-0.14666771559212582,0.19233795148746446,-0.015315459935881981,-0.16322020958362632,-0.8466320425507,2.5043475128556785,2.4928836822443414,2.3988136795951855,2.382793266623916
406.57410533783826,-7.356626354697799,-7.959888114518592,-2.0981296536577982,1.177696432599086,0.2553096486433963,-0.4237941720919413,0.9997982859513115,0.007418674760851185,-0.16158401467678504,0.1026394839282994,-0.05777445802396861,-0.07122702344317713,-0.8757162989778069,2.3618294661867227,2.342004238660712,2.3999646014470284,2.3767182149114974
408.88044822469817,-7.119033285324676,-7.90865917858924,-2.1904769727682942,1.6383702303215981,0.3137135163875684,-0.28403589150813774,0.9998194640340574,0.017315926349380437,-0.16720743077127187,0.008242937783171273,-0.08137762846489154,0.07899376098148184,-0.86589013332682,2.2349101813685865,2.2184816591220433,2.421781152428519,2.4053758249648296
411.1867911115581,-6.789305455768705,-7.845749468908676,-2.254872635118302,2.053299166238886,0.34360594902193575,-0.10016807934643462,0.9998018477918486,0.02453505705057884,-0.15740816453125123,-0.08534293099486892,-0.06762219775974068,0.19988748095234513,-0.8154752901941349,2.1582339197712312,2.161375081304858,2.4507452713279196,2.4455280710428173
413.493133998418,-6.3765918378168935,-7.776861272415154,-2.282494733544221,2.3811388052485927,0.3408666315395532,0.054636581136222315,0.999713710594858,0.033082569550267456,-0.1352433047063121,-0.17212179084502763,-0.06220935119488413,0.2176692000795944,-0.7376926511038854,2.1527291498811065,2.1739333904230844,2.4737513418438404,2.4924512167715687
415.7994768852779,-5.898310290269089,-7.708520939174287,-2.279155897450271,2.5932294127553583,0.33260993186697824,0.12206631584940936,0.9990148345131451,0.04113232318545445,-0.11089902927513816,-0.24955627056231178,-0.03824087783815934,0.09704863748747318,-0.6514290912569136,2.2092390100175776,2.218327251974017,2.5315420844461998,2.5401693261369336
418.1058197721378,-5.377610619078057,-7.641831945759733,-2.2623311113271356,2.6964070675044454,0.33782956967813066,0.068507646368134,0.9857864630476939,0.047059235894254495,-0.09776035584059808,-0.31543488338634545,-0.027096343505768915,0.04440651933200078,-0.5645443169025435,2.2283271208241526,2.230716264554533,2.5528059289639806,2.5513539945026396
420.4121626589977,-4.836275414863265,-7.574099024784305,-2.256218056057704,2.7445531679847712,0.3500906748260006,-0.01638482014976955,0.9665430164220059,0.05121103497862459,-0.08969714370659243,-0.3704787001468132,-0.03457659097417735,0.04441741221257898,-0.4775284923360328,2.2220340867354507,2.224075379969665,2.5466269828590637,2.544182509909711
422.7185055458576,-4.285310988927384,-7.503913882782762,-2.2670834921919285,2.764141515864231,0.3632806199301388,-0.08622153995880848,0.9478905863620286,0.05371623061143335,-0.08154516203602045,-0.41609504443016027,-0.044925632718967615,0.04903112389377121,-0.39056884798853414,2.214481041172492,2.216659878563277,2.538528779048599,2.5360167492378207
425.02484843271753,-3.7304288921573083,-7.431090751726055,-2.2919162712100745,2.757323735670576,0.3772564759814436,-0.1421179658391655,0.9312057182591077,0.0546218280998814,-0.0728453997762372,-0.45271673917687144,-0.05635393059478236,0.05362423216777593,-0.30378393474353,2.2064959519713887,2.2086239050010135,2.5296751060572884,2.5268898092019407
427.33119131957744,-3.1769103503548393,-7.355472449384872,-2.327928334867757,2.723675616476481,0.39254171778737057,-0.18621323581938612,0.9174548999915547,0.05397321006436044,-0.06359311420352595,-0.48075075642849024,-0.06907755766161547,0.05918630306309507,-0.21726333313081264,2.1981708675244365,2.2000883134249016,2.5202082007789106,2.516984536172643
429.63753420643735,-2.6301214313522423,-7.276797098576659,-2.3727594523212696,2.6624240328504882,0.4095060920448685,-0.2203698290965476,0.9073538788758969,0.05183715210365577,-0.05364636674285285,-0.5005498068862905,-0.08322859587467246,0.0664367338784823,-0.13108149180003545,2.189655091571528,2.191171160275503,2.5102896384445983,2.506469113283544
431.94387709329726,-2.0955828279574273,-7.194728872790055,-2.424421888422573,2.57219548154954,0.42852313805043474,-0.2461754620927357,0.9013843728641098,0.048299858889017645,-0.04276504400475063,-0.5123833720392975,-0.0988455736096493,0.07611454234832228,-0.04530444236377874,2.1812165906428658,2.1820690551459383,2.500171232731224,2.4955866101545423
434.25021998015717,-1.5790899335563209,-7.108857237666292,-2.4812454512093765,2.4509352564831386,0.4500220906741673,-0.2649910749614704,0.8998025598062498,0.043476190277175183,-0.03062104527776472,-0.5164156027302632,-0.11584149235093483,0.08915001628756788,0.04000587212988383,2.1732875363375905,2.173116970185045,2.4902315209024404,2.4847298958076594
436.5565628670171,-1.086849082715019,-7.018685811886337,-2.5418321366838432,2.295862806118535,0.47449827391517857,-0.27800233931104956,0.9026415508245406,0.03752901994671588,-0.01679438631689642,-0.5126921508129758,-0.13389549636433531,0.10667347178562818,0.12478808431518837,2.166529158454517,2.1648534159031354,2.4810303536964384,2.474517818688628
438.862905753877,-0.6256227202957958,-6.923619149347589,-2.6050210751270857,2.103402702435176,0.5025255271439258,-0.2862725996873747,0.9097059553456797,0.030697265426832963,-0.0007736423788865537,-0.5011369783894433,-0.15229077689154175,0.12996632838123057,0.20897798960419198,2.1619208669489307,2.1581067416194797,2.4733948468068765,2.4658813607796306
441.1692486407369,-0.2028883767806464,-6.822947036092185,-2.669864065704517,1.8690887498031163,0.5347724610264599,-0.2907956790152588,0.920557894268846,0.023333703129882772,0.018032381343759944,-0.4815603949902427,-0.16975596033253196,0.16044733862825714,0.29250468594660206,2.160900649970145,2.154092356896609,2.4686212151674414,2.4600905052824507
443.4755915275968,0.1729831781785196,-6.715825536049279,-2.7356116721562884,1.5874437648704032,0.5720200119013488,-0.29254933892922375,0.9344947232825922,0.01595384277161868,0.040276890048384056,-0.45368024709252086,-0.18474490282231718,0.20041067733576765,0.3752855108528389,2.165460105608049,2.154634800804638,2.468516407333931,2.459008045478645
445.7819344144567,0.49252573818033285,-6.601254525898444,-2.801710010552756,1.2517930379106232,0.6152045738745677,-0.2925474501722557,0.9505133978188011,0.009288852144616876,0.06674482569029958,-0.4171551327864541,-0.1955034374798948,0.25268496517607764,0.4572180573116872,2.176863129678467,2.1638634493190443,2.47090227183496,2.4699350220028555
448.0882773013166,0.7449381547509294,-6.47804660350645,-2.8678079711301274,0.8535935074913374,0.6656432521125076,-0.29181724217119837,0.9672471256721232,0.0043004071794462495,0.0984093489253776,-0.371629909971567,-0.17947115559409488,0.28023861164827407,0.5381634506872589,2.1913429301234326,2.193011257242618,2.454895362766745,2.5206397760290886
450.39462018817653,0.9177106669309578,-6.344750945689943,-2.933759890042267,0.3811307652953499,0.725189457601256,-0.2910621559699534,0.9833727759976642,0.0026627807510094612,0.13185912940757735,-0.31705294349044605,-0.0012093334226528955,0.041643628449916856,0.6179044197296714,2.241738156840904,2.219168930240282,2.524704078681999,2.5151826901201426
452.70096307503644,0.9959906317799384,-6.19954604699246,-2.9995607916970926,-0.1649018761759436,0.7924794536685535,-0.29399278904650433,0.9980052186914329,0.012009942753849244,0.13513310768872056,-0.25480827175282944,0.0360859037012802,0.1458775111240555,0.6959997072814307,2.2407607406083696,2.2378709275118776,2.5078593721265845,2.5087736046842353
455.01123642502233,0.9610547000902905,-6.040429196072754,-3.065508611731081,-0.6450561070935383,0.858892540701249,-0.28137427909646295,0.999630154633858,0.02845843802057886,0.14585957354508083,-0.18217238098405858,0.028153442531171708,0.1573267719952607,0.7685677043485218,2.208926243002658,2.2257126325953696,2.4047504182453827,2.4114779398270425
457.3215097750082,0.8300879199630951,-5.868029727034505,-3.1289327299032887,-1.0818785294384727,0.9487603495749235,-0.16181120623220865,0.9997666896301589,0.04527374368377631,0.15692638443145981,-0.10099136134706138,-0.028748978463582927,0.0851690340379509,0.820038275514746,2.2062106326549067,2.233655429200028,2.2758058940231845,2.2886446081787764
459.6317831249941,0.6117566492752508,-5.677656693718766,-3.1684442306559397,-1.4935167093379345,1.0474548735059592,0.040122275658970565,0.999797146235495,0.05650517193663863,0.1605900089389022,-0.013005443111551123,-0.0902275546139877,-0.050578941206489196,0.8368431194750681,2.231426178757114,2.2547409450425318,2.163444111688501,2.1763651762677605
461.94205647498,0.3110977302946833,-5.467544750231943,-3.167569024523364,-1.8704753745216665,1.1221146194672798,0.2729358357180979,0.9997840783165467,0.06155990454615463,0.15023743296120923,0.07698289452880186,-0.11557053510503511,-0.18354695927774364,0.8171024417889973,2.26865106394263,2.27688034421509,2.107558431951039,2.104421943955734
464.2523298249659,-0.06495294265979483,-5.242500849220969,-3.12013108345425,-2.17655894766518,1.1546793935153827,0.47474202671742316,0.9996985943508279,0.06444704660940075,0.12608681400806587,0.16349091319516867,-0.12254541810920731,-0.21899921959249113,0.7721126962810702,2.314974870223295,2.2907633794533506,2.115226346457224,2.097090630670002
466.5626031749518,-0.5022203602904103,-5.010943983630926,-3.032331866530502,-2.3746559370469753,1.1584020617789854,0.5897766817933283,0.998951381787432,0.066224426844239,0.09792701720828544,0.24417148410785855,-0.06896391278016699,-0.10017734027198735,0.7190476270994405,2.3585002205986254,2.3477456301610284,2.157555596660875,2.1491900791267446
468.8728765249377,-0.9791072114197921,-4.778642575372745,-2.921525669378699,-2.4605580876986184,1.1519292176511844,0.5791494931597174,0.9842508509967823,0.06894711632876918,0.08159875175140859,0.31673740872750406,-0.046786336639510505,-0.04790173900995289,0.6651625366365748,2.3697723613718993,2.3710270598626444,2.1712521203220363,2.1671671049854897
471.1831498749236,-1.4731745260702023,-4.547635729162978,-2.8128448616711403,-2.488812891333392,1.1439560156123796,0.529183988750085,0.961636147704344,0.07113855422615188,0.0706559214796754,0.3815423731958367,-0.057782690402416674,-0.04491947891369684,0.6108889134702572,2.366768063438926,2.3689620494889363,2.167943019334565,2.1636182643423987
473.49342322490946,-1.9728928242928057,-4.318223518801856,-2.714157130473927,-2.4869414451849314,1.1348731819339923,0.48401946668146406,0.9371456744762292,0.07147900427415516,0.059658566000827945,0.4396211100141652,-0.0734984745557857,-0.045048336145725884,0.556373985868942,2.363945108452605,2.365827545001744,2.1646712820780754,2.1597233899217083
475.80369657489535,-2.472236846903406,-4.090627871180485,-2.6245022961957902,-2.4567174913080208,1.1243821804056877,0.4433122319733397,0.9119675317028264,0.06978419991215726,0.048142966096449274,0.49117889998737496,-0.09070319471873145,-0.043255636725141836,0.5016959255306886,2.361379868388057,2.3631044360196993,2.161873134474714,2.156377422360736
478.11396992488125,-2.9655360868000904,-3.8651304190924165,-2.542988912240544,-2.3970770385020055,1.1124051582554766,0.4054550838226967,0.8870189553644812,0.06597357732098617,0.03619027216575932,0.5364703425099712,-0.10984883559987654,-0.0400900484880975,0.4469024047709474,2.359581716405167,2.361238117014629,2.159982058516145,2.1539679879139806
480.42424327486714,-3.446907241911572,-3.642028364919846,-2.4690469678488687,-2.3066224585983295,1.0987062471145614,0.36880402090420356,0.8630901550643516,0.0599451748093681,0.023766082303051866,0.5757789385221525,-0.13121579911595072,-0.03573388295670716,0.392023064271027,2.359134661278373,2.360799375555682,2.1595304201026213,2.1530226461974515
482.73451662485303,-3.9101874868545,-3.421666084052427,-2.402435249540987,-2.1832857092301734,1.0829761822947472,0.33167193778705967,0.8408499068912226,0.05157882212852373,0.010766715514799591,0.6093937577096651,-0.1549972548640373,-0.03026843702118859,0.33707474473145094,2.360806487499407,2.3625793489061553,2.1612482627996497,2.154295001898815
485.0447899748389,-4.348800389204492,-3.2044498044474587,-2.3432499628947157,-2.0241948425111054,1.064864257969303,0.29227344208585054,0.8208484376478118,0.040739814804546214,-0.002963707318685623,0.6375855602622033,-0.18134068363755584,-0.023866908668929303,0.2820641299753019,2.365650336756946,2.3676667401921296,2.166160518970874,2.1588383335606776
487.3550633248248,-4.7555951276640025,-2.990855895216051,-2.291944390586483,-1.825592082037223,1.0439708253495887,0.2486518766667156,0.8035201888489419,0.027289327374109752,-0.017633709674252828,0.6605844599390918,-0.21037043379492634,-0.016838347307427764,0.22698931669824418,2.3750513556724355,2.3776190556504044,2.1757572611891467,2.1680496419397555
489.6653366748107,-5.122669325750661,-2.7814406557005773,-2.249363145763129,-1.5827243389007875,1.0198372598729757,0.19858616440521246,0.7891854483042526,0.0110969877084799,-0.03350807439416512,0.6785605367100978,-0.2430290798536803,-0.00966972662904151,0.1718409006335196,2.390912962907697,2.3945572383960214,2.19208294067086,2.183859514185619
491.9756100247966,-5.441169988729471,-2.5768521113022493,-2.2167950562953616,-1.2896624399655938,0.9919288083435672,0.139472768404125,0.7780493824194163,-0.008009002820653078,-0.05097060859640413,0.6916037122665221,-0.2812994186211359,-0.003127255814568433,0.11660282014323167,2.4187838499294743,2.418400902142776,2.214884959919009,2.2119436161475194
494.2858833747825,-5.701058286147464,-2.3778452400924173,-2.1960496568598495,-0.938660915854777,0.9595638606221842,0.06820979174672147,0.7701860244146604,-0.030303346035365598,-0.07061913485741284,0.6996956353784914,-0.28954809698983375,0.0011258501637928916,0.06125290726013438,2.4785809968205106,2.4365970738487643,2.230963591882997,2.2728234673025174
496.5961567247684,-5.890746291792856,-2.185311345158328,-2.189556860952396,-0.5188722100568857,0.9218434677902002,-0.018759536974059774,0.7657000430191574,-0.05322083725348857,-0.09072732298693653,0.7030251104603619,-0.016837192776659366,-0.0020177752080341124,0.005763296192988868,2.516491123615813,2.512774032141508,2.3063428868599223,2.310273349985918
498.90643007475427,-5.996476565092414,-2.0003215225337483,-2.2004579356211527,-0.030084843000726263,0.8793568250756796,-0.12809853315765796,0.7642789300985104,-0.05431852318925718,-0.09188597984883054,0.7025402616517404,0.008040923848657672,-0.0027312221014613065,-0.04989612328492443,0,0,0,0
